{
  "project_info": {
    "project_number": "366179422812",
    "firebase_url": "https://leaveapp-b2349.firebaseio.com",
    "project_id": "leaveapp-b2349",
    "storage_bucket": "leaveapp-b2349.appspot.com"
  },
  "client": [
    {
      "client_info": {
        "mobilesdk_app_id": "1:366179422812:android:c5d8478de71e0dd786cc99",
        "android_client_info": {
          "package_name": "com.example.yes"
        }
      },
      "oauth_client": [
        {
          "client_id": "366179422812-1iuk1kddodsr7tge2nd9ojhqsfmalmef.apps.googleusercontent.com",
          "client_type": 1,
          "android_info": {
            "package_name": "com.example.yes",
            "certificate_hash": "8660b4019357dcbfb255348e1a3f4fefef725e82"
          }
        },
        {
          "client_id": "366179422812-q50q41mn0rsbjh4mvcepgbotq34vq43l.apps.googleusercontent.com",
          "client_type": 1,
          "android_info": {
            "package_name": "com.example.yes",
            "certificate_hash": "fc809701b31c6858b93435a15910da106c8b04f2"
          }
        },
        {
          "client_id": "366179422812-5p72nq0d447rsm4koeern83hlb3o6h3a.apps.googleusercontent.com",
          "client_type": 3
        }
      ],
      "api_key": [
        {
          "current_key": "AIzaSyDnXQWRUYBmlFEurH8vUg22POc27MIafpc"
        }
      ],
      "services": {
        "appinvite_service": {
          "other_platform_oauth_client": [
            {
              "client_id": "366179422812-5p72nq0d447rsm4koeern83hlb3o6h3a.apps.googleusercontent.com",
              "client_type": 3
            }
          ]
        }
      }
    }
  ],
  "configuration_version": "1"
}